name,phone
Otto Salo,+358746470375
Aapo Laine,(+358) 881864789
Arvo Nurmi,0776860674
Jari Luoma,+358 217010062
Juha Laine,+358 22 0618382
Mira Karhu,(+358) 932275240
Satu Laine,+358 18 6950383
Tapio Repo,+358 87 7072027
Tero Laine,080 289 5654
Tommi Repo,+358143867882
Aili Rajala,+358784507692
Hannu Luoma,043 850 0629
Irene Autio,0397895513
Jouni Laine,(+358) 603850794
Jukka Karhu,+358926051610
Laura Laine,(+358) 351004307
Leena Ojala,0269196986
Liisa Aalto,002 828 7396
Maria Lehto,0578163197
Maria Mäki,(+358) 591259887
Ossi Nylund,0685587350
Reino Saari,+358364918493
Roosa Autio,0634895833
Satu Kärki,+358 728333767
Tapio Ranta,038 543 9436
Veikko Salo,+358 08 2127766
Venla Lahti,+358780208637
Anja Salonen,+358 061564265
Arvo Kulmala,0620119381
Elina Nevala,+358 65 7440371
Esa Paananen,007 341 1460
Helena Lahti,+358845455474
Helena Lehto,+358 230205387
Irma Lehtola,(+358) 344941930
Jaakko Laiho,+358954770612
Jarkko Laiho,0513206777
Juho Sirviö,+358457332307
Kirsi Kangas,(+358) 010850127
Matias Koski,+358373091390
Mia Nieminen,0915091256
Mikael Laine,0720904785
Mikael Leino,+358 258410488
Minna Ikonen,+358 252965757
Noora Eklund,066 500 9149
Riku Pasanen,061 274 1458
Sakari Niemi,+358286091448
Sami Koskela,+358807100728
Terhi Vainio,(+358) 505242422
Timo Rauhala,(+358) 168019479
Veera Eronen,+358649337224
Vesa Anttila,061 586 2448
Anne Haapanen,0913742498
Antero Vainio,+358 268242011
Elina Holappa,0602185483
Elisabeth Aro,+358 475508602
Helena Ahonen,037 703 1896
Ilona Haapala,+358485615462
Irja Lahtinen,+358 657908894
Irmeli Alanko,0518565182
Jari Karlsson,0419862783
Jari Koivisto,008 860 7072
Jari Kukkonen,0988870378
Jarmo Kivinen,+358 564036805
Jarno Jokinen,+358647919113
Johanna Varis,+358 21 5272067
Juhani Nikula,+358 179200975
Kalevi Kujala,069 421 8685
Katja Huotari,089 118 3518
Kim Luukkonen,+358991768558
Lauri Jokinen,0875685030
Maria Auvinen,+358089426385
Matilda Aalto,+358 14 8245495
Mikael Ojanen,+358551852308
Nea Asikainen,(+358) 348531515
Paula Huotari,+358672544160
Pekka Hautala,(+358) 027427102
Petteri Soini,+358709558157
Ritva Salonen,002 262 0234
Tapio Lassila,+358 86 9693529
Tapio Salonen,(+358) 250483567
Taru Heinonen,+358 63 1586492
Toni Hyttinen,+358 35 4981002
Antero Hietala,079 452 7094
Antero Kivelä,+358968050008
Antti Nieminen,+358 629410119
Antti Peltonen,+358 89 9537786
Atte Liukkonen,+358 232387676
Aukusti Kujala,+358 235847190
Elsa Järvinen,068 578 6573
Emma Pulkkinen,+358 258341299
Hannu Manninen,+358 97 1681085
Harri Huttunen,+358430140063
Heidi Sjöblom,036 283 1805
Henri Eriksson,+358 099036594
Henri Laitinen,(+358) 658467390
Iida Markkanen,001 959 0876
Iiris Leinonen,+358096027131
Ilari Nieminen,+358908488703
Ilkka Sallinen,080 108 9265
Jenna Rantanen,058 583 2656
Juhani Rantala,+358 00 5245723
Jussi Salminen,0955743731
Katriina Laine,+358 273440171
Kirsi Saarinen,0772418954
Kullervo Lehto,039 235 2100
Maria Makkonen,096 711 4750
Maria Uusitalo,0862859148
Marika Mikkola,(+358) 915589513
Marja Nieminen,(+358) 441704215
Mikael Kulmala,0893338546
Mikko Rantanen,+358 467201674
Minna Toivonen,+358054717563
Niilo Mikkonen,0657433108
Niilo Virtanen,+358 33 1514415
Niklas Pirinen,+358 769434149
Orvokki Järvi,+358 526315380
Päivi Halonen,(+358) 196375488
Raija Kukkonen,+358200966900
Raimo Karhunen,+358 07 3736285
Reijo Pietilä,058 535 1332
Risto Nissinen,+358 374036195
Roope Kukkonen,(+358) 822898701
Sari Hänninen,(+358) 164236784
Seija Leinonen,0315859449
Sofia Karlsson,(+358) 580515549
Taina Lepistö,+358917454359
Tapio Holmberg,0477804343
Tellervo Niemi,026 946 7773
Tuomo Lindberg,+358 080746865
Tuulia Jokinen,(+358) 397372173
Vilho Mäkelä,+358 48 8128801
Vilma Lindroos,+358300940148
Yrjö Virtanen,067 482 7810
Akseli Nuutinen,+358734444205
Aleksi Niskanen,(+358) 216464227
Aleksi Salminen,+358 62 4104708
Anneli Makkonen,064 622 4043
Antero Toivonen,+358 40 2039620
Aukusti Pesonen,+358 14 9453753
Aurora Korhonen,0404842841
Christian Niemi,+358 32 6561872
Elina Järvinen,+358 59 2790060
Emil Parviainen,+358 644101469
Emilia Manninen,0145155929
Hannele Pirinen,+358 27 0722557
Heidi Häkkinen,052 509 3221
Heikki Hiltunen,+358 92 6614771
Heikki Saarinen,045 609 1824
Heikki Toivonen,047 161 8137
Ilmari Korhonen,006 201 2319
Ilmari Nieminen,+358 99 8434930
Jenni Markkanen,+358 49 6900037
Juhani Korhonen,+358 028056198
Juhani Korhonen,0512922972
Juhani Laitinen,047 257 7863
Juhani Mäkelä,060 581 5931
Juhani Mäkelä,(+358) 023933279
Kaarina Pasanen,050 818 1057
Kaarlo Peltonen,+358 05 0726495
Katariina Tikka,037 830 6987
Katja Pulkkinen,0343181906
Maaria Rantanen,+358 30 2673235
Maarit Keskinen,+358 672638256
Maria Penttilä,+358 42 0227285
Maria Tarvainen,+358 604099847
Marita Aaltonen,+358 883103570
Markku Salminen,+358 72 8895592
Markus Mustonen,093 223 2242
Markus Tikkanen,+358 211958224
Matias Aaltonen,+358738181121
Matias Lehtinen,(+358) 741067732
Matti Laakkonen,(+358) 988305011
Pertti Nieminen,074 156 2429
Satu Savolainen,+358 68 8375807
Sinikka Jalonen,0036954874
Sinikka Suhonen,043 802 1811
Sirkka Koskinen,+358467145744
Tapani Hyttinen,+358483442793
Tarja Mäntylä,074 570 8243
Teija Asikainen,(+358) 573825657
Tuukka Hirvonen,0889945069
Tuula Leppänen,(+358) 329839176
Veikko Lehtonen,+358 88 6175962
Alexandra Kuisma,(+358) 606709630
Anneli Järvinen,+358 082958618
Anneli Kyllönen,(+358) 509674166
Annukka Tuovinen,0510646549
Antero Grönroos,004 969 6910
Antero Heikkinen,+358354122854
Antero Laukkanen,010 128 8179
Antero Ruuskanen,(+358) 071629096
Elina Savolainen,0894375092
Hannele Pietilä,+358453120435
Hellevi Virtanen,+358417433885
Henrik Heiskanen,+358 114721556
Jarmo Gustafsson,0769913630
Jenni Holopainen,(+358) 480845935
Johanna Hietanen,0009955518
Johannes Jussila,+358778099209
Johannes Jäntti,(+358) 483490337
Juhani Häkkinen,045 518 1247
Juhani Liukkonen,+358 10 9102517
Juhani Liukkonen,0083797419
Juhani Ruuskanen,+358142139729
Kaarina Mattsson,+358 96 1175345
Kalervo Suominen,0174083629
Kimmo Matilainen,041 379 0642
Margit Järvinen,+358734996945
Marjatta Anttila,0864386861
Marjut Heikkilä,+358 15 3822349
Matias Johansson,0092033800
Matti Antikainen,+358 30 8569943
Mikael Haverinen,+358 115479105
Petteri Saarinen,+358 167259860
Reino Matikainen,+358 440413533
Tapani Räsänen,+358 57 1233468
Tellervo Salmela,+358628305558
Veijo Nevalainen,073 910 3354
Veikko Liukkonen,+358 32 5922979
Hannele Pulkkinen,040 148 5184
Helena Nevalainen,+358 423329394
Helena Savolainen,002 677 8937
Jere Nyman-Kangas,036 199 5245
Johanna Eskelinen,+358 75 1099540
Johanna Tarvainen,+358 716743686
Johannes Lahtinen,(+358) 365201412
Johannes Tuominen,+358 14 1891924
Johannes Uusitalo,019 249 8131
Kaarina Tähtinen,+358 05 2603764
Kim Salonen-Kiuru,(+358) 517251504
Kirsi Ojala-Harju,(+358) 999664463
Kristiina Hietala,+358 17 0357918
Kristina Kivistö,048 124 8565
Liisa Hartikainen,(+358) 231612710
Marjatta Laitinen,0634110345
Marko Hakkarainen,0124659383
Matias Mäenpää,032 384 0905
Oliver Rautiainen,+358 847177339
Petri Väänänen,+358 30 2772503
Petteri Määttä,(+358) 705838005
Sebastian Turunen,021 652 1355
Vilma Martikainen,+358 870992579
Väinö Hänninen,051 173 9628
Yrjö Karjalainen,+358 40 5120617
Alexander Koskinen,055 978 3052
Anneli Sillanpää,+358231439976
Elisabet Hänninen,+358 648023550
Ilmari Lappalainen,+358562338590
Johannes Tarvainen,(+358) 638843085
Kaarina Väisänen,+358 499211596
Lilja Ruotsalainen,0383982697
Marianne Heiskanen,+358334008064
Marjatta Karttunen,+358 81 3238547
Marjatta Tanskanen,032 849 2487
Matias Martikainen,+358 196512916
Tapani Martikainen,(+358) 714906801
Alexandra Määttä,+358199503126
Arja Ihalainen-Holm,+358 766123951
Elisabet Räisänen,+358 662835960
Henri Hämäläinen,0052740528
Kaarina Meriläinen,+358094596536
Karoliina Heikkinen,+358 648353183
Krista Lahti-Sainio,+358 759936887
Tiina Lähteenmäki,0110537481
Verneri Lappalainen,037 864 7993
Vilhelmiina Jokinen,043 024 8282
Aarne Karppinen-Salo,0278847572
Eero Jääskeläinen,054 509 2486
Johanna Ruotsalainen,+358110530720
Juhani Korpi-Anttila,+358 938829922
Julia Toivanen-Nurmi,+358 69 2397727
Marita Lähteenmäki,+358 37 2069783
Peter Repo-Kauppinen,+358 69 9778276
Tapio Mikkola-Järvi,+358406890507
Tero Salonen-Halonen,003 728 9861
Aada Niemelä-Muhonen,+358211948996
Aleksi Laine-Lankinen,+358718689474
Edvard Nylund-Jansson,054 092 1940
Eija Nykänen-Oksanen,+358 25 9827678
Elina Salminen-Alanen,+358215729542
Janne Mäkinen-Rajala,045 287 7838
Jonna Rissanen-Kuisma,(+358) 651578310
Kalevi Varis-Salminen,0626845073
Lea Mäkinen-Mäkelä,097 955 0289
Matti Jääskeläinen,+358 08 1400630
Olli Laukkanen-Hakala,+358 554904246
Anneli Ranta-Heikkilä,+358494783278
Emil Pakarinen-Hautala,(+358) 067503251
Irmeli Alanko-Sihvonen,(+358) 583364675
Lassi Lindholm-Turunen,+358833503661
Matti Jäntti-Kuusisto,+358412992594
Tuula Matilainen-Ojala,+358 430011396
Anneli Hyvärinen-Lehto,+358 468141722
Hannele Kuusela-Anttila,+358895966958
Jari Keskinen-Asikainen,+358 259334621
Johanna Tuominen-Ahonen,0819967794
Samuli Rossi-Nevalainen,(+358) 332882758
Seija Soininen-Virtanen,+358 60 0255972
Tarja Koivisto-Tamminen,+358 01 6001195
Terttu Kinnunen-Mononen,037 439 9919
Antti Lehtimäki-Paavola,(+358) 030739559
Elina Hautamäki-Turunen,067 887 6140
Hannele Rautiainen-Leino,+358 00 6353904
Jari Ollikainen-Mäkelä,034 089 6561
Jukka Kinnunen-Seppälä,+358 21 4505419
Kristiina Nyman-Perälä,(+358) 886636022
Lauri Kolehmainen-Kujala,+358 320689829
Oskari Keinänen-Halonen,+358 70 4341489
Riitta Karhunen-Manninen,0266125074
Riku Toivonen-Lehtimäki,090 660 5590
Ville Suhonen-Hyvärinen,+358 29 1632609
Antero Seppä-Väänänen,(+358) 556036952
Edvard Kivelä-Lehikoinen,+358003252908
Eliisa Jokinen-Myllymäki,+358192854281
Julia Rantala-Martikainen,+358295482895
Kaija Väisänen-Lampinen,042 035 6361
Lassi Kokkonen-Pekkarinen,010 063 6591
Peter Nykänen-Lehikoinen,+358 715516170
Sirkka Palomäki-Salminen,+358 352852431
Marika Mäkinen-Väisänen,073 063 6151
Marketta Rajala-Räisänen,+358 83 6050944
Pirjo Virtanen-Väänänen,(+358) 711722540
Sakari Partanen-Pöllänen,+358480206035
Sara Räisänen-Nousiainen,020 270 8975
Johannes Järvinen-Leskinen,(+358) 385468898
Mikael Mikkonen-Reinikainen,056 666 3671
Ville Pekkarinen-Parviainen,+358 527673484
Anna-Liisa Vuorinen-Karhunen,(+358) 471972683
Hannele Eskelinen-Parviainen,+358173991483
Kaarina Häkkinen-Riihimäki,0111484864
Marja Jääskeläinen-Kovanen,047 225 3528
Petteri Venäläinen-Korhonen,007 409 4347
Väinö Lindgren-Järvenpää,0270482297
Joni Hämäläinen-Hartikainen,+358009728758
Katariina Karjalainen-Aaltonen,0094831166
Kristian Kankaanpää-Toivanen,085 157 4379
