name,email
Aada Niemelä-Muhonen,ilari50@example.com
Aapo Laine,sarilehto@example.org
Aarne Karppinen-Salo,oliviajuntunen@example.org
Aarne Kauppinen,mturunen@example.net
Aarne Kulmala-Nousiainen,mikaelnylund@example.com
Aarne Rytkönen,jtirkkonen@example.net
Aaro Backman,niskanenjere@example.org
Aaro Häkkinen,hsaarinen@example.org
Aaro Lankinen,tuula78@example.net
Aaro Mikkonen-Puranen,eeroimmonen@example.org
Aaron Komulainen-Ahokas,shaapala@example.net
Aatos Ikonen,pekka77@example.org
Aatos Lampinen,hillevi32@example.com
Ahti Eskelinen-Turunen,turpeinenyrjo@example.com
Ahti Järvinen,ollilaitinen@example.com
Ahti Lappalainen,jokinentapio@example.org
Ahti Oinonen,hannu33@example.org
Ahti Räsänen,kaisa97@example.org
Aila Eronen,vaisanenmari@example.com
Aila Haataja,katikuosmanen@example.com
Aila Kiuru,koivunenhelena@example.com
Aila Laurila,tapaniblomqvist@example.com
Aila Pasanen-Lindfors,annika44@example.com
Aila Puustinen,susannajaatinen@example.org
Aila Vainio-Räsänen,raijalappalainen@example.com
Aili Karjalainen-Rytkönen,karoliinajansson@example.net
Aili Korhonen,sepposalonen@example.org
Aili Rajala,korpelajenna@example.net
Aili Timonen,flehtonen@example.com
Aimo Lepistö,vesakoskinen@example.org
Aimo Taipale-Virtanen,kai43@example.org
Aino Alanen,erik29@example.com
Aino Heiskanen,karttunentero@example.net
Aino Kiviniemi,seppo63@example.com
Aino Kolehmainen,shuotari@example.com
Aino Koski-Salminen,jere79@example.org
Aino Laiho,lindstromheikki@example.net
Aino Leino,eliukkonen@example.com
Aino Manninen,henryanttila@example.org
Aino Paananen,vilho17@example.net
Aino Parviainen-Laukkanen,peltolapaivi@example.net
Aino Perälä,markkulampinen@example.com
Aino Pesonen-Laukkanen,emiliahenriksson@example.org
Aino Turunen,aleksi89@example.com
Airi Hiltunen-Hautala,annelisavolainen@example.com
Airi Nieminen,peltoniemitapani@example.com
Aki Blomqvist,heinonentapani@example.com
Aki Korhonen,mattisaari@example.com
Aki Penttilä,kullervoperala@example.com
Akseli Lahtinen-Liukkonen,annika71@example.net
Akseli Nuutinen,liisakarppinen@example.org
Akseli Vainio,aaltonenhannele@example.org
Aleksandra Leppänen,paavolajonna@example.org
Aleksandra Nikula,paivikki29@example.net
Aleksandra Niskanen,makinensaara@example.com
Aleksandra Ojala,nieminenkirsti@example.org
Aleksandra Tolonen-Laurila,niklasniskanen@example.com
Aleksanteri Haverinen,vainiojari@example.org
Aleksi Gustafsson-Kauppila,ihirvonen@example.org
Aleksi Heikkinen,tuulikkikivela@example.com
Aleksi Heiskanen,rpeltola@example.com
Aleksi Keskinen,juha64@example.org
Aleksi Kiuru-Hartikainen,tapio86@example.com
Aleksi Laine-Lankinen,oskariraisanen@example.org
Aleksi Lappalainen,joonas10@example.net
Aleksi Liimatainen,liisa49@example.net
Aleksi Mäkelä,lindgrenmatilda@example.org
Aleksi Mäki,jkanerva@example.com
Aleksi Niskanen,zkoskinen@example.com
Aleksi Niskanen,ojanenantero@example.org
Aleksi Nurminen,annikki71@example.com
Aleksi Saari,elina59@example.org
Aleksi Salminen,maria13@example.org
Aleksi Salo,tolonenritva@example.org
Aleksi Viljanen,emiliauusitalo@example.net
Alexander Huhtala-Haverinen,hirvonenvilho@example.com
Alexander Järvi,jouni23@example.net
Alexander Koskinen,trauhala@example.org
Alexander Leppänen-Leino,kalevi63@example.org
Alexander Turpeinen,eeva87@example.com
Alexandra Immonen,kantolapaula@example.com
Alexandra Kuisma,elsa78@example.com
Alexandra Määttä,priihimaki@example.com
Alexandra Ronkainen,markku74@example.com
Alina Autio,marjo23@example.net
Alina Pirinen,paulakarjalainen@example.net
Alina Repo,marianne05@example.net
Alina Virta,aapo05@example.org
Alisa Seppälä,minna79@example.org
Allan Hiltunen,annelikinnunen@example.org
Amanda Mäkinen-Ylitalo,lappalainenmarja@example.org
Amanda Pennanen,marianne16@example.com
Anders Heinonen,hsavolainen@example.net
Anders Hokkanen,ovoutilainen@example.org
Anders Kantola-Taskinen,hkorhonen@example.com
Anita Hyvönen,rinnekristiina@example.com
Anita Keinänen,riittaturunen@example.net
Anita Kinnunen,mikaelnieminen@example.org
Anita Kinnunen,ellivirtanen@example.com
Anita Koskela,maria95@example.com
